"5/17/19 0:35","","TRAFFIC STOP","TRAFFIC STOP","2500 DURANT","","CLOSED BY CITATION"
"5/17/19 0:56","","ALL OTHER OFFENSES","DISTURBING PEACE-ENTERTAINMENT","LHS VISTA LOT","","CLOSED"
"5/17/19 0:59","","TRAFFIC STOP","TRAFFIC STOP","2500 DURANT","","CLOSED BY CITATION"
"5/17/19 1:50","","MAINTENANCE ISSUE","CAMPUS CONDITION -SECURITY","NORTHGATE HALL","","CLOSED"
"5/17/19 2:23","","ALL OTHER OFFENSES","RULE VIOLATION","DOE LIBRARY","","CLOSED"
"5/17/19 2:26","","MAINTENANCE ISSUE","CAMPUS CONDITION -SECURITY","KOSHLAND HALL","","CLOSED"
"5/17/19 2:40","","ALL OTHER OFFENSES","TRESPASS - FAIL TO LEAVE","I HOUSE","","CLOSED"
"5/17/19 3:10","","ALL OTHER OFFENSES","DISTURBING THE PEACE","2535 CHANNING/BOWDITCH APTS","","CLOSED"
"5/17/19 3:17","19-01341","ALL OTHER OFFENSES","RULE VIOLATION","I HOUSE","(FW-21-S) AND (FW-20-S) GIVEN WARNING AND CIVIL ADVICE REGARDING EXCESSIVE NOISE, IHOUSE. FORWARDED TO STUDENT CODE OF CONDUCT.","UNDER INVESTIGATION"
"5/17/19 3:53","19-01342","MEDICAL EVENT","INJURY OR ILLNESS","UNIT-1 PUTNAM","(MW-18-S) VICTIM OF ALCOHOL RELATED ILLNESS, UNIT-1 PUTNAM. BFD RESPONDED AND TRANSPORTED TO SUMMIT MEDICAL.","CLOSED"
"5/17/19 4:19","","DISORDERLY CONDUCT","LODGING","SEQUOIA APTS","","CLOSED"
"5/17/19 7:16","","MISC. SERVICE","CAMPSITE INVESTIGATION","SMYTH-FERNWALD","","FIELD IDENTIFICATION CARD"
"5/17/19 7:37","","MISC. SERVICE","SECURITY SWEEP","2000 CARLETON","","CLOSED"
"5/17/19 8:05","","SUSPICIOUS EVENT","SUSPICIOUS CIRCUMSTANCE - REPORT","540 ASHBURY AVE","","CLOSED"
"5/17/19 8:33","","WELFARE CHECK","WELFARE CHECK","BWW","","CLOSED"
"5/17/19 9:14","","MAINTENANCE ISSUE","CAMPUS CONDITION -ELEVATOR","SPROUL HALL","","CLOSED"
"5/17/19 9:18","","SUSPICIOUS EVENT","SUSPICIOUS VEHICLE","BANWAY LOT","","CLOSED"
"5/17/19 9:30","","PEDESTRIAN STOP","PEDESTRIAN STOP","STRUCTURE C","","FIELD IDENTIFICATION CARD"
"5/17/19 9:49","19-01343","OUTSIDE ASSIST","OUTSIDE ASSIST -MISCELLANEOUS","51ST AND SHATTUCK","OCCD 05/17/2019, 0949 OUTSIDE ASSIST TO OAKLAND PD REGARDING MEDICAL ASSISTANCE, 51ST AND SHATTUCK, OAKLAND.","UNDER INVESTIGATION"
"5/17/19 10:15","","HEALTH AND SAFETY CODE VIOLATION","HEALTH AND SAFETY CODE","LOWER SPROUL GARAGE","","CLOSED"
"5/17/19 10:29","","ALL OTHER OFFENSES","TRESPASS - FAIL TO LEAVE","BWW","","CLOSED"
"5/17/19 11:15","19-01344","TRAFFIC","ACCIDENT / NO INJURIES","BANCROFT/FULTON","OCCD 05/17/2019, 11:15 UC OWNED VEHICLE INVOLVED IN A NON INJURY VEHICLE ACCIDENT, BACNROFT AND FULTON.","UNDER INVESTIGATION"
"5/17/19 11:38","","SUSPICIOUS EVENT","SUSPICIOUS PERSON","ASUC","","CLOSED"
"5/17/19 12:36","19-01345","MISC. SERVICE","FOUND PROPERTY","TANG CENTER","OCCD 5/17/2019, 1238 FOUND BACKPACK AND CONTENTS, TANG CENTER TO UCPD FOR SAFEKEEPING.","UNDER INVESTIGATION"
"5/17/19 12:38","","SUPPLEMENT","SUPPLEMENT","DWINELLE HALL","","CLOSED"
"5/17/19 13:59","","WELFARE CHECK","CHECK WELFARE- 911 CALL","2520 CHANNING WAY","","CLOSED"
"5/17/19 14:31","","LARCENY/THEFT","PETTY THEFT -REPORT","UNIT-3","","CLOSED"
"5/17/19 15:15","19-01346","MEDICAL EVENT","INJURY OR ILLNESS","SATHER TOWER","OCCD 05/17/2019, 15:15 (MW-60-O) VICTIM OF ILLNESS, SATHER TOWER. BFD RESPONDED, WILL SEEK OWN MEDICAL.","CLOSED"
"5/17/19 15:43","","SUSPICIOUS EVENT","SUSPICIOUS PERSON","KOSHLAND HALL","","CLOSED"
"5/17/19 16:06","19-01349","MISC. SERVICE","PROPERTY DAMAGE","RFS-163","OCCURRED: 05/17/19 1606 HOURS PROPERTY DAMAGE TO FENCE, S/S RFS-163.","UNDER INVESTIGATION"
"5/17/19 16:38","","WELFARE CHECK","CHECK WELFARE- 911 CALL","2610 CHANNING WAY","","CLOSED"
"5/17/19 16:52","","DISORDERLY CONDUCT","LODGING","ENERGY BIOSCIENCES INSTITUTE","","FIELD IDENTIFICATION CARD"
"5/17/19 17:20","","ALL OTHER OFFENSES","RULE VIOLATION","LOWER SPROUL GARAGE","","CLOSED"
"5/17/19 17:31","19-01347","MISC. SERVICE","CIVIL ADVICE","CKC-8","OCCURRED: 05/17/19 1400 HOURS (FH-18-S) REPORTS THEFT BY FALSE PRETENSES, CKC-8. LOSS OF $180.00","UNDER INVESTIGATION"
"5/17/19 17:37","","FIRE","FIRE OF UNKNOWN TYPE","UNIVERSITY VILLAGE ALBANY","","CLOSED"
"5/17/19 17:47","19-01348","LARCENY/THEFT","GRAND THEFT","EDWARDS TRACK","OCCURRED: 05/17/19 1747 HOURS (MW-24-E) REPORTS THE THEFT OF A RED TORO WORKMAN GOLD CART, EDWARDS TRACK. UNKNOWN SERIAL NUMBER/VIN. PROPERTY RECOVERED ON N/S OF DWINELLE HALL. TOT ATHLETICS.","UNDER INVESTIGATION"
"5/17/19 18:15","","SUSPICIOUS EVENT","SUSPICIOUS CIRCUMSTANCE - REPORT","BLACKWELL HALL","","CLOSED"
"5/17/19 18:19","","SUSPICIOUS EVENT","SUSPICIOUS PERSON","VALLEY LIFE SCIENCE BLDG","","CLOSED"
"5/17/19 18:38","","WELFARE CHECK","CHECK WELFARE- 911 CALL","CROSSROADS","","CLOSED"
"5/17/19 18:44","19-01350","ALL OTHER OFFENSES","TAMPER WITH FIRE ALARM","UNDERHILL LOT","OCCURRED: 05/17/19 1844 HOURS MALICIOUS PULL OF FIRE ALARM, UNDERHILL LOT","UNDER INVESTIGATION"
"5/17/19 19:37","","SUSPICIOUS EVENT","SUSPICIOUS PERSON - REPORT","LI KA SHING","","CLOSED"
"5/17/19 20:17","","PEDESTRIAN STOP","SUSPECT STOP","UNIT-2","","FIELD IDENTIFICATION CARD"
"5/17/19 20:33","","MEDICAL EVENT","INJURY OR ILLNESS","HEARST FIELD ANNEX","","CLOSED"
"5/17/19 21:29","","MAINTENANCE ISSUE","CAMPUS CONDITION -UTILITIES","THE DEN","","CLOSED"
"5/17/19 22:36","","ALL OTHER OFFENSES","RULE VIOLATION","SATHER TOWER","","CLOSED"
"5/17/19 23:01","","ALL OTHER OFFENSES","RULE VIOLATION","GOLDEN BEAR RESTAURANT","","FIELD IDENTIFICATION CARD"
"5/17/19 23:07","","MEDICAL EVENT","INJURY OR ILLNESS","UVA-117","","CLOSED"
"5/17/19 23:37","19-01351","ALL OTHER OFFENSES","TAMPER WITH FIRE ALARM","CKC-2","OCCURRED: 05/17/19 2337 HOURS MALICIOUS PULL OF FIRE ALARM, CKC-2. BFD RESPONDED.","UNDER INVESTIGATION"
"5/17/19 23:44","","PEDESTRIAN STOP","SUSPECT STOP","KULA GULF/RED OAK","","FIELD IDENTIFICATION CARD"
"5/17/19 23:58","","MISC. SERVICE","FOUND PROPERTY","UPPER SPROUL PLAZA","","CLOSED"
