"6/21/19 0:15","19-01631","ALL OTHER OFFENSES","RULE VIOLATION","UNIVERSITY VILLAGE ALBANY","OCCD 06/20/2019, 2330 (FW-42-S) REPORTS RULES VIOLATION OF UNLEASHED DOGS, 755 OHLONE-UVA.","UNDER INVESTIGATION"
"6/21/19 0:23","19-01632","ALL OTHER OFFENSES","VIOLATION OF COURT ORDER","BANCROFT/ELLSWORTH","OCCD 06/21/2019, 0023 (MB-16-0) CONTACTED FOR VIOLATION OF A COURT ORDER, BANCROFT/ELLSWORTH. RELEASED TO GUARDIAN. REPORT FORWARDED TO JUVENILE PROBATION.","UNDER INVESTIGATION"
"6/21/19 0:24","19-01633","ALL OTHER OFFENSES","VIOLATION OF COURT ORDER","BANCROFT/ELLSWORTH","OCCD 06/21/2019, 0024 (MH-16-O) CONTACTED FOR VIOLATION OF A COURT ORDER, BANCROFT/ELLSWORTH. RELEASED TO GUARDIAN. REPORT FORWARDED TO JUVENILE PROBATION.","UNDER INVESTIGATION"
"6/21/19 0:50","","PEDESTRIAN STOP","PEDESTRIAN STOP","PEOPLES PARK","","FIELD IDENTIFICATION CARD"
"6/21/19 1:02","","PEDESTRIAN STOP","PEDESTRIAN STOP","PEOPLES PARK","","FIELD IDENTIFICATION CARD"
"6/21/19 1:24","19-01634","ALL OTHER OFFENSES","WARRANT ARREST","UNIT-2 CUNNINGHAM","OCCD 06/21/2019, 0142 DELIMA, ROBERT (MW-48-O) ARRESTED FOR A $120,000 FELONY ACSO WARRANT, A NO BAIL FELONY BPD WARRANT AND FOR RESISTING ARREST, UNIT-2 CUNNINGHAM TO BPD JAIL.","CLOSED BY ARREST"
"6/21/19 4:22","","SUSPICIOUS EVENT","SUSPICIOUS CIRCUMSTANCE","RICHMOND FIELD STATION","","CLOSED"
"6/21/19 4:31","","PEDESTRIAN STOP","PEDESTRIAN STOP","LOWER SPROUL GARAGE","","CLOSED"
"6/21/19 4:53","","WELFARE CHECK","CHECK WELFARE- 911 CALL","2121 BERKELEY WAY","","CLOSED"
"6/21/19 5:12","","PEDESTRIAN STOP","PEDESTRIAN STOP","WICKSON BRIDGE","","FIELD IDENTIFICATION CARD"
"6/21/19 8:01","","TRAFFIC","ACCIDENT / UNKNOWN INJURIES","SHATTUCK/HASTE","","CLOSED"
"6/21/19 8:41","","SUSPICIOUS EVENT","SUSPICIOUS PERSON","UNIVERSITY HALL","","CLOSED"
"6/21/19 9:28","","TRAFFIC STOP","TRAFFIC STOP","BOWDITCH DURANT","","WARNING ISSUED"
"6/21/19 9:45","","VEHICLE CODE VIOLATION","VEHICLE CODE VIOLATION","DONNER LAB","","CANCELLED"
"6/21/19 9:47","","WELFARE CHECK","WELFARE CHECK","PEOPLES PARK","","CLOSED"
"6/21/19 10:05","","PEDESTRIAN STOP","PEDESTRIAN STOP","PEOPLES PARK","","FIELD IDENTIFICATION CARD"
"6/21/19 10:09","","ALL OTHER OFFENSES","RULE VIOLATION","SPROUL HALL","","FIELD IDENTIFICATION CARD"
"6/21/19 10:46","19-01635","ALL OTHER OFFENSES","VIOLATION OF PROBATION","REC SPRT FAC","OCCD 06/21/2019 1054 HRS THORNTON, GEORGE (MW-65-O) ARRESTED FOR VIOLATING PROBATION AND A COURT ORDER, RSF. TO BPD JAIL.","CLOSED BY ARREST"
"6/21/19 13:10","","TRAFFIC STOP","TRAFFIC STOP","BANCROFT TELEGRAPH","","CLOSED BY CITATION"
"6/21/19 13:21","","SUSPICIOUS EVENT","SUSPICIOUS PERSON","ZELLERBACH HALL","","CLOSED"
"6/21/19 13:24","","TRAFFIC STOP","TRAFFIC STOP","RIM E/GRID IRON","","WARNING ISSUED"
"6/21/19 14:26","","TRAFFIC STOP","TRAFFIC STOP","BANCROFT E TELEGRAPH","","WARNING ISSUED"
"6/21/19 14:38","19-01636","LARCENY/THEFT","PETTY THEFT -REPORT","DAVIS HALL","OCC: 04/30/19 0030 - 04/30/19 0045 (MW-21-S) REPORTS THE THEFT OF HIS BIS PASS, DAVIS HALL. LOSS OF $250.00","UNDER INVESTIGATION"
"6/21/19 14:34","","MISC. SERVICE","CIVIL ADVICE","CAMPUS","","CLOSED"
"6/21/19 14:51","","ALL OTHER OFFENSES","RULE VIOLATION","EVANS HALL","","CLOSED"
"6/21/19 15:15","","ALL OTHER OFFENSES","RULE VIOLATION","ZELLERBACH HALL","","CLOSED"
"6/21/19 15:19","19-01637","DRUG VIOLATIONS","POSS OF PARAPHERNALIA","ASUC GARAGE","OCCURRED: 06/21/19 1522 HOURS BENJAMIN, STEPHAN (MB-38-O) ARRESSTED FOR POSSESSION OF DRUG PARAPHERNALIA AND ONE UCPD MISDEMEANOR WARRANT, ASUC GARAGE. TO BPD JAIL","CLOSED BY ARREST"
"6/21/19 17:01","","MEDICAL EVENT","MENTALLY ILL COMMITMENT","TELEGRAPH BANCROFT","","CLOSED"
"6/21/19 17:28","19-01638","TRAFFIC","ACCIDENT / NO INJURIES","FULTON N/ BANCROFT","OCCD 06/21/2019, 1728 (MAA-E) INVOLVED IN A NON-INJURY ACCIDENT, FULTON/BANCROFT.","UNDER INVESTIGATION"
"6/21/19 17:37","","SUSPICIOUS EVENT","SUSPICIOUS CIRCUMSTANCE","HEARST GYM","","CLOSED"
"6/21/19 19:34","","SUSPICIOUS EVENT","SUSPICIOUS CIRCUMSTANCE","AQUATIC CENTER","","CLOSED"
"6/21/19 20:09","19-01639","MEDICAL EVENT","INJURY OR ILLNESS","BNT","(MH-58-O) VICTIM OF ILLNESS, BANCROFT/TELEGRAPH. TRANSPORTED TO ABH VIA BFD.","CLOSED"
"6/21/19 20:42","","TRAFFIC STOP","TRAFFIC STOP","HASTE DANA","","CLOSED BY CITATION"
"6/21/19 21:11","","DISORDERLY CONDUCT","LODGING","MLK","","FIELD IDENTIFICATION CARD"
"6/21/19 21:24","","SUSPICIOUS EVENT","SUSPICIOUS CIRCUMSTANCE - REPORT","UVA-162","","CLOSED"
"6/21/19 21:51","","TRAFFIC STOP","TRAFFIC STOP","BANC AQUATICS","","WARNING ISSUED"
"6/21/19 22:00","","MISC. SERVICE","CIVIL ADVICE","CROSSROADS","","CLOSED"
"6/21/19 22:33","19-01640","MEDICAL EVENT","INJURY OR ILLNESS","HERTZ HALL","(MW-80-O) VICTIM OF ILLNESS, REFUSED MEDICAL TRANSPORT, HERTZ HALL.","CLOSED"
